{"initial_reset_timestamp": 1585086514.631287, "timestamps": [1585086539.957404, 1585086540.269759, 1585086540.298054, 1585086540.329416, 1585086540.3681312, 1585086540.448082, 1585086540.508509, 1585086540.580415, 1585086540.608845, 1585086540.696059, 1585086569.043995, 1585086569.513751, 1585086569.608392, 1585086569.641084, 1585086569.771619, 1585086569.857323, 1585086570.022211, 1585086570.133829, 1585086570.1833012, 1585086570.365713, 1585086590.636009, 1585086590.958236, 1585086591.04993, 1585086591.132844, 1585086591.184494, 1585086591.251694, 1585086591.327001, 1585086591.3953228, 1585086591.4501739, 1585086591.484538, 1585086626.083216, 1585086626.89743, 1585086626.9512599, 1585086627.0607271, 1585086627.183658, 1585086627.252289, 1585086627.3265002, 1585086627.4847739, 1585086627.556832, 1585086627.6701078, 1585086663.017525, 1585086663.712227, 1585086663.9490602, 1585086664.104664, 1585086664.3083131, 1585086664.442504, 1585086664.595212, 1585086664.760884, 1585086664.976359, 1585086665.087231, 1585086697.402115, 1585086697.766057, 1585086697.8236768, 1585086697.8945348, 1585086697.92396, 1585086698.020971, 1585086698.192471, 1585086698.268115, 1585086698.334124, 1585086698.391412, 1585086733.262447, 1585086733.9078348, 1585086734.0185332, 1585086734.284105, 1585086734.439112, 1585086734.620521, 1585086734.823862, 1585086734.9632928, 1585086735.141953, 1585086735.261618, 1585086764.2648928, 1585086764.587266, 1585086764.6254349, 1585086764.693255, 1585086764.738281, 1585086764.766786, 1585086764.815379, 1585086765.006855, 1585086765.07298, 1585086765.110813, 1585086787.934002, 1585086788.303322, 1585086788.388743, 1585086788.4962912, 1585086788.60128, 1585086788.717262, 1585086788.810909, 1585086788.993362, 1585086789.0927129, 1585086789.2181509, 1585086814.336077, 1585086814.650006, 1585086814.70694, 1585086814.777259, 1585086814.865222, 1585086814.943003, 1585086815.00394, 1585086815.043066, 1585086815.132329, 1585086815.218816, 1585086837.617595, 1585086838.1183748, 1585086838.209058, 1585086838.3340101, 1585086838.402747, 1585086838.506832, 1585086838.584245, 1585086838.653314, 1585086838.728946, 1585086838.8526878], "episode_lengths": [200, 200, 200, 200, 200, 200, 200, 200, 200, 200, 200, 200, 200, 200, 200, 200, 200, 200, 200, 200, 200, 200, 200, 200, 200, 200, 200, 200, 200, 200, 200, 200, 200, 200, 200, 200, 200, 200, 200, 200, 200, 200, 200, 200, 200, 200, 200, 200, 200, 200, 200, 200, 200, 200, 200, 200, 200, 200, 200, 200, 200, 200, 200, 200, 200, 200, 200, 200, 200, 200, 200, 200, 200, 200, 200, 200, 200, 200, 200, 200, 200, 200, 200, 200, 200, 200, 200, 200, 200, 200, 200, 200, 200, 200, 200, 200, 200, 200, 200, 200, 200, 200, 200, 200, 200, 200, 200, 200, 200, 200], "episode_rewards": [-200.0, -200.0, -200.0, -200.0, -200.0, -200.0, -200.0, -200.0, -200.0, -200.0, -200.0, -200.0, -200.0, -200.0, -200.0, -200.0, -200.0, -200.0, -200.0, -200.0, -200.0, -200.0, -200.0, -200.0, -200.0, -200.0, -200.0, -200.0, -200.0, -200.0, -200.0, -200.0, -200.0, -200.0, -200.0, -200.0, -200.0, -200.0, -200.0, -200.0, -200.0, -200.0, -200.0, -200.0, -200.0, -200.0, -200.0, -200.0, -200.0, -200.0, -200.0, -200.0, -200.0, -200.0, -200.0, -200.0, -200.0, -200.0, -200.0, -200.0, -200.0, -200.0, -200.0, -200.0, -200.0, -200.0, -200.0, -200.0, -200.0, -200.0, -200.0, -200.0, -200.0, -200.0, -200.0, -200.0, -200.0, -200.0, -200.0, -200.0, -200.0, -200.0, -200.0, -200.0, -200.0, -200.0, -200.0, -200.0, -200.0, -200.0, -200.0, -200.0, -200.0, -200.0, -200.0, -200.0, -200.0, -200.0, -200.0, -200.0, -200.0, -200.0, -200.0, -200.0, -200.0, -200.0, -200.0, -200.0, -200.0, -200.0], "episode_types": ["t", "t", "t", "t", "t", "t", "t", "t", "t", "t", "t", "t", "t", "t", "t", "t", "t", "t", "t", "t", "t", "t", "t", "t", "t", "t", "t", "t", "t", "t", "t", "t", "t", "t", "t", "t", "t", "t", "t", "t", "t", "t", "t", "t", "t", "t", "t", "t", "t", "t", "t", "t", "t", "t", "t", "t", "t", "t", "t", "t", "t", "t", "t", "t", "t", "t", "t", "t", "t", "t", "t", "t", "t", "t", "t", "t", "t", "t", "t", "t", "t", "t", "t", "t", "t", "t", "t", "t", "t", "t", "t", "t", "t", "t", "t", "t", "t", "t", "t", "t", "t", "t", "t", "t", "t", "t", "t", "t", "t", "t", "t"]}